0,1,2,3
0.13125089798448109,-5.994196174856267,-12.043542044985163,6.106844782010663
0.39918780336257775,5.1577898777625215,-8.450943736650915,5.605065472677422
-1.8984127855185857,-7.554057990459462,-9.872238905376259,-11.040497905547083
-0.8669285069125978,-8.147520092525443,-0.797960978224161,14.428435612885597
4.405904574564142,1.379155710431272,-5.360287254278145,-11.931930064228753
-4.534199284510276,5.955990559140856,-2.0457563084296773,5.050151547588502
1.7647691272155797,-3.711395559476413,4.647095931070574,0.008622801038665528
-0.5628299550995672,-4.871446775616278,4.358273319693296,-15.195397256803378
4.280195290279956,0.6749999931039081,0.2741281110973972,4.7627496151037825
-0.8542733128087141,1.0633499022644433,16.181735989846494,2.849339532167427
0.35916941481435494,-0.16075528051841736,-7.654535727188357,2.863974357850058
2.507272244650242,-2.7169680905718767,-16.68699471462109,2.628473705016731
0.5173211481027771,-2.622379094502687,-12.412228149828174,-0.21637299989037828
1.1073517000202004,-11.367624748636018,-5.047625326279652,3.4731723318418517
2.206258584409158,-2.4005667842305485,-3.2145773512794555,12.541968570444709
-0.48144616764267667,7.876380238625456,0.8451478647531516,-11.086351266071535
2.2407401745869606,-0.4139756296828203,-4.1396745869461515,-1.8407221838820398
0.3743265410885961,-11.709785846705877,-4.82942652858622,17.068832044571124
-1.062362315017749,-3.4420658731912077,6.613196001305353,-6.542162430168634
-2.756701600617842,-0.7115618310071827,-11.705001296486726,-6.37388416006754
-1.1679589070469767,-0.24168421928564499,-2.481232226817493,4.023861188141879
1.9377385908798903,11.279367524372807,7.183454839913967,3.4998737400922018
-1.797856691365265,-12.745299875027627,-11.874146679597295,0.1411057615640452
-1.3743986058938455,-1.0056143349412103,9.692864249251931,-5.266948598940699
0.19520120312675893,4.823726711452805,5.5482706062128955,-3.1470087545776657
-0.5704852636910083,-10.035208136013612,17.51784135970655,-3.5863386898980103
-0.8635970183553372,8.585992594531962,0.24512653823448716,3.5169937809065672
0.67677337114816,-5.73214380295587,-3.5605423561578817,0.025989629580568163
2.163386376134868,1.8141963488417652,5.803074651626446,-0.5966223934299073
1.0490157829416251,-2.8867900407036053,6.195433217858028,-1.1586785803854553
3.8625397193651123,-7.893848426748419,4.49074883008009,5.797715041142556
1.9725379337519549,1.1901988424644863,-16.333184003708467,13.15421759741244
2.94964136804554,12.479010125946706,-4.897856834465626,-8.893770012350245
-0.4131464464428998,-5.424548175600833,5.325875027889266,-1.6887399347291279
-1.5404537587513554,-5.484392455561462,-9.442992644692989,2.5302175336376322
0.756670225640633,-1.9347920183218381,-5.685073854310293,15.465120186908262
0.16636928181735744,6.460024418278476,-5.372396644101801,-7.022785983468516
3.297035625330327,13.694419424342367,0.6481081771008732,-11.22381216766747
0.22823240959102176,0.08201451660592696,-8.016936613656519,-11.063842328636738
3.461673509573173,3.9344399829452037,-0.2761920759952581,-7.1921833380591345
2.9745631260022645,4.662272357486806,6.399391703143172,7.464089631526594
-5.819099452364187,-8.9183934136632,10.163259228012942,-11.26286716033021
-1.0435932405855608,-7.679364934008618,0.6297539730948323,9.041774869471224
-0.5323544275175998,2.4261598733747824,0.28702157611379775,4.634726282110957
0.6528861410436164,2.416076087615103,-0.5866751705652433,10.276280097490277
0.9539337187828112,-6.728082654680236,4.618914978984554,3.258547684416598
-1.961456532144032,8.01926160996235,9.024226346042392,-14.859265809047718
-0.3255543563872081,-4.421313671627345,-15.197912723857861,1.2551459834813237
-2.990020687461576,3.811157616990773,15.696617472425993,-3.0975337993972154
0.9344093382030447,-9.848692678061038,-0.09767604998724622,15.477491256451852
0.8044827394995684,8.877254496635405,-16.109110355463926,3.996034702003854
4.032447342034665,5.714091995870579,7.421506194264179,-3.536340534964971
-2.363379623410011,-7.0833669975459905,1.7125002889031649,5.920707187662632
1.1005230754643742,10.053219521445849,-7.720311532250539,6.740648373013741
1.174622619475766,-3.3653474440944233,-0.37383307541854904,-9.344319052054189
0.8626445746961515,2.3345093557019148,12.944902088591252,8.619236948890121
3.636079314199136,-5.676547504525622,-3.1737593103839075,-6.719761900604391
-3.196139610516729,-8.97970410453993,-9.79738110983047,-8.451440331493782
0.10350612308397444,-0.8611059998887374,6.123298154686328,-8.928125300434072
-1.9937544216626115,-8.322592287886932,-2.3436910228220675,1.7090134539430935
0.5341629084295496,3.1981899675634367,-9.301366208065613,0.8789095212622087
3.728240641678326,5.057431266931417,13.294497309383662,1.1377531166421093
0.454997289055016,-3.3166508429333916,8.18593161324337,-2.7389073279795326
1.3573979716442839,-9.798934953329315,1.1429484661896048,-6.300098943588621
-0.28721438665460575,-10.511609301080929,-3.945768811760775,-12.925516166236267
-0.16133540425583082,-2.340605373080736,3.2441847956319023,-12.615853700466038
5.5823843388054915,3.5057064040040533,-10.430668145419032,-1.1279028730796554
2.6204360491566794,-4.54020616229014,-2.3446024068426112,-3.1637936058339413
2.8252847498391658,1.0839528425892055,3.536558386747309,0.6575762222371075
-4.05498300255273,-8.856418560065222,0.30450790385728865,-4.349567084413913
1.2726708603971737,-2.5730601675373492,-0.7479967302951742,-8.232233303062692
-1.6341127296117302,-1.4731200526469408,-13.325383798830952,-2.8619312245308564
3.69404281704898,0.4838123785301569,-11.743120846888056,12.940166314800345
-4.427678803729906,3.6469077376597685,12.944411233719794,7.853692640833055
3.9706575063421234,0.30447358983927586,14.496325585345595,1.5072247426674537
4.615636068717166,7.5440122645850325,14.152191964508974,15.455370238989344
1.959526131056399,-1.682399979773347,-1.057284740066084,-1.9176584525568359
1.559511708386875,10.17716083103171,9.854352608578129,-13.342238050436212
-2.197734740591414,9.508086950094558,-3.95419641316089,-2.2319827245084696
2.169436939652961,-4.592621074731456,14.803283493490387,4.362987246059976
-2.284200533309723,8.642546129973299,-6.145818756169572,14.44036867631927
2.4684352299694163,5.898885435985811,-5.091234653595462,7.76301332953706
3.7744688009923797,1.863651230390527,1.921400107745427,5.959832741918671
-2.9215034717814663,1.657858848175275,8.96033540423819,-10.299934568346123
-2.116429662762161,-1.6480564477445334,-18.619051385899233,-6.9969867818258376
-1.0046439966870029,-1.7349671042614752,3.5010449576397775,-0.162967330729046
0.7831692172219702,8.522571801382458,-1.1064216805227325,10.207657340350664
2.5585752391829777,0.10574005662868835,1.6585777809432507,5.826123890560739
2.493312140032072,-8.14039005574228,9.593773868745705,16.14362868464526
2.3827201082676277,-0.008810521239844604,-6.482249510590597,10.598068730442296
-2.4849043815404133,-5.07631062172921,1.103031843267189,10.413011128489556
3.1996642403570617,6.008510502721368,11.46096813425222,-8.979662938956563
-2.3672299322082284,2.727060152706244,-1.8432230826553493,-7.399322242004185
2.6289614438036155,-8.738028960647691,-15.056038290366061,-6.075962107000091
-2.661281255404173,-1.1666167081023424,-1.9882965715568588,-4.366478424401471
0.2977511790806977,1.8801091116416355,-4.037814439447809,1.1858404090803418
1.1093364274614839,-2.785140784074306,-7.050388261902029,-5.055027152505575
2.0469722430797663,-0.8254303858416936,-1.1508921786363615,5.5762016698726065
1.4137451750553467,4.533084396275834,14.62386250079506,-6.491865468564757
-1.93768220595339,7.37980490527752,-4.855819597696199,5.308875502101085
-2.542507317884967,9.385076407346675,-7.916535186811945,-8.52254527159518
-4.480632284863949,2.555004642114195,-4.994338757941264,-8.62592980036198
3.377064736704141,-2.6208317493092324,-2.1815049363758874,9.338539368121861
2.243803404752478,12.855577979820708,6.579230483957941,17.760970612798687
-3.79956182038446,-0.3840392064226261,-14.121596006929117,5.487219984329419
-1.9299155114413065,8.437957053751553,4.865938414954293,3.995849544588598
1.8703599932868418,5.267424293436946,-12.159867238666136,1.0454199176727172
0.2739951922828663,-8.7753731887395,-13.076002620661681,13.801529599564617
-1.4572371371862651,-7.560799810553564,-2.753109903352179,6.213771244907171
0.44374470581873027,12.958204261912798,-6.371867970032213,2.6773569154900123
-1.1466458957878727,-2.246809797113267,2.033739557916835,-3.8595482182598992
-1.326885124380044,12.245687807317417,-4.795306832843382,-7.3816611749558
-1.9641714857448145,8.140021066611435,0.6647935514445287,-0.616607329601699
-1.343162992023859,-13.067086561216382,-7.233320009594038,-2.858367750258143
-1.5969850157029954,-8.641505174004056,4.978346392109891,3.0803229340783815
1.2994645379466458,-7.096248529474993,6.365653590758333,-11.598034725960614
-2.652945296477564,6.379014233998307,-2.26624483534129,-5.981964436015277
-0.34888548309554057,10.29622361134317,14.857892514814306,11.193864497694323
0.9164474915500858,2.756349997923113,-5.713276723298794,0.13711858620380113
0.7342664878024685,-6.667711239458349,15.217845657243181,-3.753229801126704
-0.5700087603668909,3.1552759138272357,-3.501680639140364,9.54664119410749
4.778663760314373,-6.005865712785669,-3.805955659300782,2.0931210545926255
0.3326926318800627,-8.842179354723676,3.582418633255685,5.160425005144649
-0.6595373751372069,-1.9599509717625718,0.15872052515207713,1.4350785866703824
4.2075438732098895,-4.152563077784697,-9.310582325050245,4.0108682921698815
3.2667987349253775,-6.74026606881888,3.8865144950078587,6.86089719952121
-1.9131651806520953,-10.718580220077907,2.208417525306924,-4.773969320338146
-1.846915194354315,3.4811735866126536,-2.630546670154253,10.59478516019397
-3.0016436877486368,-2.9435423653047508,4.803294221596989,4.353360148758188
3.7960094351265763,8.450931799650899,9.16376266393346,11.773077376765556
-0.20782677033700026,5.789199558745972,0.9018983134734988,0.6794561488040038
-1.017935874325513,11.794826402144908,8.309060541451936,-5.60393833201088
-0.3456007372014529,-7.420820581957476,7.492434554240813,-0.6696262602227847
-0.9408987747972324,6.3576343454321975,5.139734817630043,-11.951882194328768
0.8871560678523949,4.915692144868158,4.344346597016692,7.244293500309153
-0.22820707789134964,11.131462401649252,5.520490207668349,-14.708612212026072
3.4887529308403695,-4.163919622888791,14.164581392038517,2.000950004382048
-1.1982339917709712,2.665512281251319,-1.622305630515811,-2.487250752137143
0.21707455614341953,5.482979289337239,-10.351898979756376,-2.537424117255025
3.380690311652812,-5.5472290020162625,-13.274643387550094,4.762281129334578
-0.4115986269033005,4.315336444670152,10.822813657139449,-13.389981300248206
2.6143413000370073,3.335660768464342,8.84503095987135,4.642343708074485
0.4306947303823119,-7.114299129558059,-0.8291383450836918,3.822603479224604
-1.9174137675432652,4.381628897642134,2.128318141984611,-4.13348424552332
-1.8343653301624192,6.68938821538546,-7.375765596824614,4.1271134213258005
2.7700558610154493,-3.6580273501881226,-13.151641741406923,-11.344806258357373
-0.006550080924102808,-2.9133952378419696,1.7565266467236818,4.732151598332317
-0.426901545857568,3.685248985303989,2.7627392972634084,5.67844127112294
5.286391155290639,-12.669773859138703,4.580865479567624,6.703841251340606
-0.26558600012743927,-1.9608077768991787,-3.2245527436107544,-12.340500573538371
-2.1799226126858735,8.090446166012457,-1.6646058964758517,-6.318638455883361
-1.9261728251729364,3.6434104644351724,-5.587160605983865,-1.7152306341040386
-2.1183882340834996,8.308406759332204,17.89573557819797,5.952908919734384
0.5331786204179121,1.8531983817381814,1.0086107038532148,-2.952534259112717
1.3835847868014888,-7.176663864960205,-6.3539592753378145,-16.80816164918871
-3.792205203435678,-3.2829707082720567,-4.6952621834352986,4.581904333663214
2.417726591972229,3.8349082241086734,-16.075757019491526,2.1976686617818615
0.16190001607165172,6.118505621059883,1.9075518663524917,-16.246814426857497
1.5749649033355286,-5.2677418647053855,-4.324600063880302,-3.604519319306341
1.3211511683581652,3.7465420656893844,0.08723244409458886,-11.097812587637021
2.9389729504004114,-0.9590832164676772,2.469859651538929,0.9536537980532387
-2.2295050041431326,-12.260409278058656,-5.661492847886045,2.0451154701099874
-3.58364276173952,-1.4057992225951992,10.329260743832991,-9.208201726188321
1.0589734231055452,5.098536937849143,-2.950247904484911,15.239052148780294
-0.48644369578817237,-9.856899023649078,-4.836419225153136,-12.490938844033462
1.4039765923647272,2.2376143988046806,6.120094818375518,-8.490240908441468
1.5583062271524488,4.888118979258531,5.382058426925946,2.9016127599073585
3.0556906224615417,10.965376674866686,-8.209319646298262,-16.043754999696553
1.605914171070042,9.439427678624547,3.7755275937201738,12.061379452337977
-2.5802629345910075,-5.663118327257958,4.093229751397004,12.520099310308822
0.018867846072481598,5.042656452476111,-7.823072029605287,3.445331804598794
-0.8572489726539008,0.25107531959299756,10.970158845135149,-6.277282319691455
-3.7894246553969912,-7.037100070765313,4.87761641513012,2.4773403600396833
3.966340427528549,-0.9571056704137639,-4.290966605766343,7.477937144568898
-3.2461206054487697,-1.4094350153300326,13.649452289077074,-9.963937837174834
3.7104771974749404,-11.885444319852148,-12.044038844265227,-7.699172612707073
3.4707290912489177,-2.4911836752651553,-5.900515462875562,4.504783735008026
0.6236325222032404,-0.8972238511515638,-2.9553031508817256,11.205882009725896
-2.8770940071901894,1.9209055361039695,11.598921162367459,-5.506130304574219
-3.5899768907480523,-4.827735293343382,-7.318631020763597,1.8479448412918629
-2.4079900628188793,-9.043630336373253,-1.1041939025933374,-4.481354721136917
-3.4743597254965466,-0.8627268672003083,-4.271958360597219,0.2787977071173877
-0.9825257118956472,9.450177766221243,2.696311806657871,-10.003734925741046
-1.5255060260059254,8.88172772619663,12.206977105766756,4.575421953219118
-1.1138201128755076,-10.534218184647838,3.8622579093497436,14.3384306326726
2.833081882469226,0.44619175850774084,0.6684839868843717,9.758235433599783
-1.9004181885842666,-4.31543899153589,11.44723361396345,-16.445387232219957
-0.6306108575589882,2.310897552075847,-14.129248181701735,11.459153517873974
-0.7758505388818335,8.223864005602625,-8.835963526193652,-4.139709739458564
0.04874042826533298,-1.9940513118748768,-15.374875478182638,-5.591911664053066
2.228199356854967,1.6177042193351898,-1.6930672424879631,3.123463691360982
-3.1345798594440795,-12.158298174988055,-2.958325309336587,-4.501625534369989
2.3669053761664776,-10.776693522469614,4.668782793223659,12.431721253878862
0.025032386022417974,-9.309691516897914,-13.508928188181914,-4.695629353685417
-5.360045493410636,-11.683236244661646,0.4766448926439395,-14.223172619692466
0.13073039050391344,3.9471215063337155,-2.25442478017181,1.3822353655906277
-2.7301748991593007,7.555430461935758,7.127093616480922,11.98920975078335
-2.7910156189850817,-9.484943706107963,-5.674587066828609,-7.775708976165399
-2.8459503592346134,-1.0267831722359393,-2.000255438766125,-4.465928074684504
0.19321475877025485,3.376961858272381,0.9607596985207358,2.3548596169748635
-0.7431667509645035,-4.033120153056423,-4.685680742232011,8.731063700778599
-1.9087495799436587,-3.9846436012723334,7.562152049496071,1.2037387442152543
0.9667257522959982,4.821890795762535,-15.381885176810378,0.054250129393334845
1.3369935763130893,1.069366485553072,13.935582148950065,12.928825520908736
2.672743103346118,-3.2143360773634555,-4.302223914655263,2.768174298981169
-1.065264893149772,-1.0368863491366493,4.336720267557137,-4.4110332347815895
1.797324032301665,-0.6937782909192762,-7.718287749500858,1.439884433053635
-4.6612437267452735,-12.448766555534464,-3.2794855150591253,16.124755867853196
4.646438874469856,-0.9576658340401405,15.976888088364337,0.8685864822365588
-2.7041723005072384,1.5205734080277846,0.30426938605175735,-11.344055060887332
1.6901690849978657,7.045957031639942,0.1722546853438054,-0.31693961089893463
2.1359654677822753,0.3300293329535151,0.18276837471539054,-12.173236403639741
-1.31651699970259,3.7311760295795775,-10.701394871060549,-12.845929302060256
-2.2294039632096467,1.3236156747858399,-6.305715322452292,-10.957701658560527
-3.715701966642889,-6.812699883672678,-9.061251569785668,-10.627347438578793
-4.7893584919693115,-3.0238757297547636,0.38988453640955,1.742408808346081
2.5628209260055526,2.802929342384905,-3.812523033173907,10.943867851287095
2.341037674131722,-0.8461699920640857,7.5032641617166504,-15.44207576318929
-1.6463045335627653,8.785539441016631,2.746220127543765,3.070445290672403
-1.7832913455033568,-6.833695640872863,4.921459603882685,9.725978978240393
-4.057499097748609,2.1462913073145327,-2.190058620186118,-3.775126012880424
-3.1218730084755055,-9.145978016212297,0.024055547426218737,-0.4544421103976468
4.012891556870377,-10.932278345720919,0.9876347752255441,7.7148188298457026
-2.7591356193295518,-1.0307481622556,12.760984157888133,-10.825092640507481
1.6583834625251352,3.307544164559223,-7.09393237140387,9.444880918737164
-4.907783225217704,-1.202755890612078,-5.792548681247167,3.086159795898908
0.019813355578259362,-1.178234341844524,9.352924504179283,10.976888996905462
-5.506358431472385,-4.287784418642296,-5.7698634015988475,4.488274188814552
2.0348366396884954,-3.3541946057076863,-15.363247574053645,-12.00926150959778
-4.053786992107675,-1.3999016935534119,-9.485609015982394,-4.471876137286516
3.2189454045841264,9.05493757150575,3.0740127666823263,12.964361431894352
-0.8027821216243964,4.069431011883935,11.39582989629372,-2.335609087029095
-2.6224591575825302,-4.797913282659843,-10.47153409059044,-5.569559462045273
-1.0284956896609714,0.8395661840434645,5.4485926408842005,3.47707602542987
-3.7367467286916627,7.252243990135986,0.3196394211854816,-2.203725724878506
1.04110897595009,-6.546465347395259,-1.275870663573123,-3.0591859963927845
-5.054270051827402,5.095268080324455,1.8348802976426377,2.791671811582887
2.5331758429179154,-5.345070450767157,-8.755501173659495,4.299556149137263
2.5434961693075158,6.021564963757902,7.00353856956111,-7.64047264597675
-3.762788100082368,3.4017514851599255,5.982030500767788,-15.245100256079436
-0.4652949855362998,2.4908715023859127,2.4601443129089198,1.089978343690717
-4.824612772782762,1.4013471876779295,-8.59382202497872,18.14663111067427
-0.24385893058225339,0.711387604746454,12.353125419744014,2.463432721391449
1.7700202500776925,-4.226015538494236,-7.820012282357716,-7.496109376846663
2.28527838980966,1.6322124661624162,7.363876177844906,2.461108821513026
3.3905971861027338,0.9241960529222162,-6.36168741643003,11.340145497348555
0.3014161077612254,6.0003880805390875,3.8032707007382207,-4.0462163264561255
4.5600972890036715,1.4616610916885673,3.2240810232824124,-1.3513919551944724
5.126840126256293,10.142831277446826,16.92918299334245,17.61158544830302
4.171475611542836,4.061754258477713,4.480696935533995,11.057389654829809
0.44609898405122017,6.5906420978779305,-11.013388951007649,-12.520429413405395
-1.0142634271889195,3.100555163130071,1.7733218675667004,-5.4267349777112415
-0.4914981999046253,2.984090606519791,14.13156630273147,-6.97251865761878
-0.8046838852745761,10.60471845619669,0.33060213435208397,12.084422575409567
0.5104219330281872,6.271205132208905,-7.64206390873972,3.978970510493159
3.6575662253562085,1.7914536656171585,-17.550004435822814,-5.478841125412465
-4.559097249548905,4.391228477172566,-5.505292710521022,-8.660385684313443
0.6980877084047332,-9.894412054603881,7.877350346628102,-8.143266028147062
1.0409121199651192,-12.930785159265692,-1.6254864222172927,-11.786802878804167
0.8204596558234938,1.4787087555525744,7.355301966422443,-9.394129209978983
-4.28041596149453,-6.705542323860026,10.126287415459103,-0.19934692922108255
3.393325600234836,2.9859736409781608,-2.179927789720587,-4.563058868309719
-3.052350421929649,13.32577476902033,-5.530840183578434,-1.3538076506245673
-2.1856536914711286,-7.042075817956881,10.48400214600651,8.557157734838597
-2.289386856589437,11.281865999824404,0.9343235006513595,-6.006635046143337
0.13977099587675035,-3.891521116691175,6.270902396068617,0.13187633150518607
-2.207653306263337,-4.0506230336879305,7.6285320192482615,-0.6268399682906249
0.30017086233899626,6.818923358242229,-1.4895904423054809,-7.266824337252524
-1.5951162114694535,-1.7974697403563873,10.028123214976281,6.051993952136666
2.058892319923223,-1.9340395611007395,14.303792057765557,-9.825544364621058
-2.917236004358677,2.493658766720774,-7.449146740512504,-10.064938148999119
-1.0314976268013831,-4.344377240626464,-8.297954555846532,-4.7322452512821584
2.5909472874027673,2.7170133708391813,6.718826199318901,-13.936494824383676
-1.7402786095285876,11.153917242403661,-10.015492297005677,3.8237990982154173
2.3243160738985003,3.544711926856065,1.5440074256663685,1.1418453887106104
4.365220818747116,1.5606889667940322,-7.8300241150067595,0.7967500531199292
-3.047829272866952,-9.49467720715797,5.52757976251679,-4.171518641568554
1.307685040948959,4.369385401984809,4.108581672352248,9.202893885587942
-1.727448560198515,0.7439245525650193,-9.134553365844052,-13.645941733656802
4.084970925876462,8.205132581215732,-1.4660807532849844,14.829535330393462
-0.8427036529840413,8.752900100835552,-8.038214422554624,-0.09462763312698996
2.3798879531130632,-9.373377484478048,-5.797092456661293,3.369926974055595
-2.6350008645325618,-2.36805531894381,1.6556297845902854,8.778141124097903
-0.4447531484489362,3.4683669624807045,2.4593289959751274,13.170151881322106
-3.7538338405861147,9.57639768591367,-1.066975994098037,12.592264459020043
-0.6429378410028086,-2.146882301881856,11.453494894720498,13.847136988497219
0.5993621008638161,-3.661936841919678,-8.915155698970604,-7.054404088521656
0.5650894628322458,6.549798465489399,9.152487769102871,0.7748431182264142
-4.911604325987872,7.957850174583422,10.026810612931232,7.391154217971588
-1.4944911674527184,-3.322746093491311,4.853470129765888,-0.6444069317830525
-2.6949636684867366,2.3076529977076596,-16.088843944318892,9.768170581111447
-4.601514217623208,7.692412638257897,-10.803588487929591,7.595982503608303
1.2200849796857893,-5.056086550189864,7.688936933748177,14.492717362175586
-1.1440411075648242,-4.727338949771932,-0.7251079572001053,-9.558011867527922
2.6482752996966927,12.638865586121172,2.756258048787288,4.555955885107586
4.190419859865007,4.500118220905682,-0.21318177975139463,-2.5232022527770575
-3.160316799668032,-3.319990651569068,2.6570643883069742,9.920300295707003
-3.514005594366016,-9.062423491925479,3.191364799016945,-1.878375775237739
1.565526893968217,-2.3127359855331893,16.609161767621668,4.048032392665364
-3.8778061720940182,-4.87604772374787,0.08301507209836956,-1.9804444932697542
-4.1871394665073955,-2.8401306357894907,-4.405820223003241,-5.19298671581967
-5.584061758704017,0.02147727763024143,-1.0450578386920988,-10.886358293051083
-1.5360139553712617,-2.9833233915807877,7.567091335375462,-2.769386146355121
2.469793899035805,0.9862196482174728,-18.38432593363768,-0.6309607393222443
-0.33294348793521866,-2.8106780965925893,-6.108946210881108,2.086861866212935
-3.147005599750253,4.054730834021784,13.22808342113842,3.107280991999879
-0.33278298811737983,-0.3674647509385487,-2.8962654636696215,3.0124764766789482
-4.792458282990206,6.2293768319441405,-6.400231340035287,-3.198424140560075
-0.8701253639591338,1.9745620003474293,17.301718918050454,-4.107611572494305
1.2661988211272535,-2.4159975003473804,-1.445750105980629,3.4413622218847273
-1.632891186680765,1.5298357485868372,16.24953971040187,12.856661583715695
-0.8602098392622874,3.232333095245904,5.49826171123299,-2.6847643492677697
-0.18020840984650377,10.633154025599582,10.95760168035239,9.511673582075847
-0.8713951957585611,7.517017993515132,-0.6855554054210842,-7.336117206950053
3.2813843552558866,2.843944943699926,8.843658423254737,8.36087046389352
0.27543313407482817,3.689385552042724,5.166887146688756,0.01445573771291464
0.9524825631975817,1.5139424566619955,-5.065703522806956,8.334235815958042
0.609855797157338,-1.7323845509748566,8.615773315510562,-10.527538138997695
0.2822379050075643,3.0345560563542087,18.23170017634773,9.766176034737232
0.08392154668999474,8.482615894628738,-2.986342062457922,11.609030239700608
1.0492764275425728,-5.4592691528458595,-10.893123859261548,13.474337601070323
1.967373714610254,-5.128730071508095,-8.790698791298425,-6.057708002082176
1.8309159580084486,-7.590590965616978,11.08658676185716,-12.379571860378169
3.2637429296641933,-3.5017305996428583,12.901736367106931,-7.117090592560162
-2.0859445976690965,-6.8070133621752635,-5.708786227814301,-11.185861717479135
2.563137173798869,7.490568753501032,10.663048608898603,-4.218103903109595
-4.169319229343935,0.13141459660682742,3.2600650751927205,0.8642142862616389
-0.12713010950245263,2.10265959684361,12.24882495558164,6.380610177901877
2.3972589581356893,-7.626200999775752,-4.18204291853483,-2.0454191689565064
-4.781416084378794,1.4657270184137676,-2.556073506217416,1.954677765772864
-2.219449743634887,5.416325604943463,9.460123667647816,12.678673200972186
1.1260114882156884,4.4976364979210395,-2.356933171844396,4.935050994239338
5.436690344295354,11.680234473742452,5.937996995602795,7.834687199914887
0.8945887901960372,-11.121982248790427,17.458783296696183,-4.7016086398682955
2.505011534972296,2.5019460290869446,-0.21965911957342854,-1.038611766960642
2.947518990113143,7.345027395880796,12.462267872413744,-0.45608950150918304
-0.06521370591619036,10.848308466331922,-9.589305134165908,0.06983593061015725
0.16709147314116635,9.706471305102774,-2.204956847580128,7.363552519260841
0.06638823244372105,2.001025203108817,7.485680056614939,2.6282910508425097
0.720170162032792,3.5739089108681608,-5.633950930805192,-17.431191329465737
-2.4676200760152165,2.2515544042165683,-15.52997123672103,-1.6083425023549545
-1.332422419560631,-12.917554381717675,-8.154087869913017,-10.419300361440836
-2.513938000483865,8.924197980554066,1.2001039331895704,-13.915163700748279
-0.562381676114482,3.989036594227338,5.3581088159388806,-3.0825940177290043
-4.664930788372104,1.5933324346996969,1.3452052723797827,6.316428353776676
-1.8432750922399874,-9.470524127591329,-4.450352229613641,1.121217613980658
-1.5950221119132681,-1.3869663886152566,-0.36885723973935924,-7.604795953117101
-3.1903941311685236,3.6600003929809546,7.753795872220097,8.459339609190756
1.5541893612998399,1.9102597893333808,7.35770809508568,7.366827355400838
-1.6825611016185924,8.975897052140324,-4.236767692543157,-4.255885540833738
-3.4246619318442075,10.939327675547478,-7.327370755989966,-18.568573438728542
0.09674017517546663,3.914406914887598,3.303570412376761,-4.346200127728935
0.07259585910046162,-8.99913343479656,10.491603742393327,-7.606530123250714
-4.588294198777886,-4.815733944527478,2.4325141228844913,8.628266092418123
-4.039486715158568,3.545650576535129,-5.193805973577986,-10.843183958959589
0.8132411312787093,10.320227302769059,10.110761277133694,-11.545734720638798
0.49342145995069675,-2.796175570971741,-7.0562073749210885,6.389871778904597
-0.021283141049119436,1.7533837311748552,-5.356316338068606,-1.0991305094577832
2.7609734053889663,-8.949690849001506,-6.07227153487692,12.297748273099314
-0.8487242045824166,3.2642057370331443,12.854161071306727,-14.420630021222461
1.695737018413828,-0.4615595644789128,0.04161323152439422,-1.506962478373218
-2.597540773088633,-3.020118474451074,0.9105387295415177,8.410035930268895
4.144422226965229,-12.118334262426513,7.59165354996091,11.912604470405073
-1.520879933782009,-1.8464004869563908,-7.922369117195878,-2.6226468894526356
-3.055837244005123,4.950649553054898,15.045082608929352,3.080523702972414
2.003398848651143,-7.332811703114349,3.114800134956756,-1.3321794960803786
5.090581017808431,-5.270488532935934,3.924330190380619,0.22290160278179627
4.458165296277859,0.4927010939875718,1.9951163212474619,4.180840799976426
-2.0188776844146474,-1.3665274494909987,16.300029937383684,5.799301553782643
1.1363874422356925,2.2589027037361102,-6.4535365908992866,-6.348908221877256
0.20943139850625503,-1.0733959081906814,-0.24989502338295821,-10.098556924883157
-3.686134671984011,-5.813021926495329,6.543034598493087,0.35809493127815273
-3.0478245568062206,-6.924763475458192,7.545015782836369,5.180107708461728
0.7007929990252713,2.359169000040586,-9.529909016248755,18.86814567854819
1.4902026465043,-10.437424195760403,4.622244228823229,-6.9319431190916365
3.2607031265963493,9.876516718637667,-7.580909357642279,1.801266799351417
-0.39047080122038036,2.250881860117696,1.5949487774391855,-5.820066737402813
-2.331956417919328,-5.154635249004466,8.13330676389061,-0.795908832181091
1.9064219514796363,3.0974314613394114,2.2742630710789307,-10.513097459900273
1.1708900120417933,-2.900243346591738,9.272460168526102,0.1060789487185474
-1.5953163274460245,1.2139734020287047,-8.265969194393346,5.187805622558701
-3.9472340727614155,-3.627723825848909,-10.032815966438433,13.375688315875266
1.0479181062613803,3.427104240453451,-3.0642590925278697,-5.660926528761056
1.1463097223767758,11.262533516100076,5.763746656044619,3.539296186005057
1.3118283982329686,5.959165976939046,-6.414020280873817,-16.490221915460115
4.067650906857736,12.197157076866352,6.953035540581592,2.9370301085030732
-1.43887947955227,-8.007414476593684,5.211688666338208,-11.422887056975231
1.9823277624891116,6.999750415709592,-9.334183755960815,-13.453780873097006
-1.1046374132879375,-2.077848571293835,-12.125582097380693,-13.392381397706204
2.5010014238603513,-1.696073746811944,4.172955882070497,-7.751576308104502
2.3097744954629986,-4.574449957097066,-5.289609011509839,4.783821323899986
-2.368731565685935,-2.1762761387082747,-8.000384818519002,13.561466920121667
-3.1154191161819424,2.559949084992722,-13.283804882837721,4.716740333387882
1.9983264719616969,6.6726815248607085,0.4617097038311542,2.062950833810028
0.79394395484423,-1.3234233184066078,2.0720365856646623,-9.587413114566171
-1.7651234225123469,-8.933387891018484,0.16410611340726433,18.772243580292685
-1.05290588788868,-0.5534568488850837,5.488741883500786,-8.784285777823765
1.8497771000030703,-7.0353427412620615,0.7972357067911311,2.120904004013326
0.8489177612412133,2.8433554459237165,7.142081173290704,8.77191426114226
-1.8828488620356723,4.620433104513415,1.7363602787716168,14.166144863920787
-1.1323236819411902,-10.98464018434553,-3.6504612743343685,1.3283961754085603
-3.967327092295727,-12.051751357534581,-10.580911634765002,5.706530942884157
0.6442583785150093,-2.120281491851225,0.20285573809252355,-1.312115168638396
0.1801198480106958,5.993321705993408,-3.487918669823408,-12.183956056170723
1.1412274645879696,-10.937967269357461,-2.2024529219681632,-8.307500077066525
-1.1616753261815838,-3.0313087709775655,-8.506444710571657,3.537185460539451
-2.3013755423648083,11.805391772376671,4.777077535066653,11.091579414077653
0.9246316849891869,-0.2708843909821024,4.001913398667188,-5.411796373242906
0.9717874736772112,-0.209512393483962,10.277688653988758,-6.7023146361851555
-0.20994002454984084,-1.4481317077500169,-7.149810984142988,12.651970873758604
-0.19259456250505114,6.719868342347148,-6.853208260069049,2.258966022374082
-2.3336680410938495,-0.7944764248893215,-8.714324883092722,6.71187555661524
-2.3104565609575203,7.170005555246061,7.396884047393197,4.588068834136166
-4.2519200593712,-6.244268376375603,9.258365513845972,6.176180366284392
-0.058534517254175356,-3.4891162682034143,4.0500720000294095,-7.927681573880928
-2.8863217521260602,1.6389250426813309,-5.289944353402049,0.4608791483214887
4.565570470735624,6.732480118231878,13.45691055844146,3.4153160272011363
0.8700051673432156,5.526646091599998,1.1568443891668032,1.8967334578655901
3.656211595806879,2.543355491017566,5.42647346255176,16.282334446564
-1.884627449519428,1.6389547843378072,2.782454561786608,-7.433328313295959
4.230854325721003,0.8385300940463516,0.8801569424894353,9.159924680108666
0.506596922254329,-6.78078459392794,-0.7344114459234454,4.455360512995934
0.5248659941546094,3.366191923376185,-1.8332532590929702,-5.071324583234162
4.03117774979504,-6.162388593119813,-11.323144964852926,14.944030880706528
-2.8696543955809726,10.017907338533659,11.124927629945425,6.405393852322739
2.2958909034564137,-2.6276969839783693,-4.357129243629256,3.066541968265021
2.457278791837286,0.23307765026412497,0.06580505785960611,-2.600554897240471
-0.65915140777925,4.4041247364950795,-3.9142201270408457,1.3404570007605194
-0.38675993156321375,-3.2327912472408595,6.203506002594132,-13.582174332765149
-4.655400114289771,-5.330783575591761,-11.832001236334147,4.835135579630457
1.7379736997048632,-6.955368792600343,-7.9355508811899185,2.434443539940311
-0.6258473405419691,10.986354813859453,2.035343684105964,0.7289701768768388
2.648069127465109,8.259928248079884,7.527865024533282,-15.224381162862912
4.019382989442418,-8.16882796845095,6.782557493574249,-2.901312669261536
2.582134072147192,-3.5639918448055052,-14.780410495891125,-0.5087441728313458
0.2768161192133771,-13.776821309291385,9.32490609112177,3.125533156572665
-2.0003185217399326,3.3102931999289655,-3.501077879521258,5.856420496147567
-1.9469505459485337,2.311387602556522,8.443645491693779,4.0456193070563025
-1.7970089723636438,-11.556911432853118,-0.45868890536274876,-14.368059724571633
-0.7689182030690596,-0.5161745229997319,2.3425988957047323,13.574388222725561
-0.10368551300194984,-5.118672889028492,-10.09485885515293,1.3687027869186643
-3.184340941070941,-3.8255260614635436,0.1393707846728489,-8.004407034462577
1.8680054260620107,0.2823117870885543,5.057484885666867,-10.363953782192679
0.22522659708633075,-0.8981422214851822,10.845951996096629,-1.6730113929779264
-3.22296041275956,1.9456447520700504,5.613214566406262,-9.529348167702024
-5.5563932718466615,-3.729563475136292,-3.0724512409911533,3.2955623931335367
-0.6146667293260055,-4.833568933726845,-6.760298511215748,14.721725164735295
0.6020418157918934,9.89387481801495,10.94772210552243,1.1689461459022752
0.252919702155161,12.145922093460758,0.8826801415207761,-7.434026400953568
-1.4505371005490408,4.509772269385147,6.546716276576754,7.349935481183678
-1.3070292975198683,11.924449689344739,5.0117976180012285,-2.30547477649797
-0.2012154766347063,-4.059004053768266,9.056234801852629,12.11196032538312
3.6347424940262014,-4.97006144301481,4.273883462321015,7.9259996235142545
-5.235258887842503,-3.223300061615925,0.3349936028650866,-2.6565187363101934
0.024188850530343586,-0.006546959577988787,-1.5687522795543956,-13.847052380451043
-0.9272347845812963,-1.5613190674365658,5.995849852395374,12.873359136814063
-0.08917966329082638,-7.0307060256460465,-10.821890517075355,-0.1550081742398568
-2.4366801258212645,-0.8425434860973375,-1.1342005057855467,13.718356011321939
0.9338703895186642,0.638428600497555,8.437560749301042,6.182273150886523
0.9539092867493526,-2.017889901408223,7.989182113961659,-10.73918734045795
3.4660358684469603,-7.251387792114316,-7.0122783213774635,-12.851238018593413
-3.779241608720376,-0.5874163391348404,12.178499332070434,0.45311949822749753
1.9678687348309243,-1.5950938223405462,-0.3690118243630067,-12.014780191678618
1.9081803852086496,-4.141804297255684,-6.882390068535997,-2.0088571117375125
0.41900437782726563,9.72516662261662,10.778980306421882,13.963606562218493
3.089382732868695,7.985031454552933,6.387590880034368,6.975284552358589
-0.38357764844109177,-7.183651956590161,-1.9736907974027318,6.561189348971258
2.478485116146139,-1.7168925468885234,6.008438737819725,-7.669271112019718
2.2768582284568595,-4.585452404828388,-4.85115536713305,3.7537370926410816
0.23823412744002326,7.558852766805788,-13.309020955748055,-12.299810049031912
2.701836532618045,1.7645379559327647,-6.985333224554115,-4.630205204032627
2.30558105175625,2.194775706652509,7.948437884683514,-11.866581963709207
2.1503438086065354,4.2295481925726115,-8.366408211816822,-5.634773052263888
2.9886136056383794,-0.5129540169073508,-1.923859718328604,6.319263013573057
2.1047040067673293,4.498637406488541,19.40506655192091,4.244875557953744
-0.16247191796846927,5.169343323931301,-1.9146314132456297,3.3127604376339903
0.43778136995500194,-1.0304514367746211,-6.1525595977084695,18.1183048615414
-1.6886088535317674,2.040719380012387,5.115185331227661,16.89273419112879
4.58235340929449,8.460947707906541,14.555939299621356,-4.711210542744626
-2.7862162285466265,-3.9283709213843547,3.804325818365072,0.860018798640688
-2.133632620266029,2.6901739279807337,13.820563637360618,2.3007176814771775
-3.587332651470725,8.625990467428844,-0.37006390293500147,3.5107201675194517
2.6893883702946297,-6.789315991260281,-18.791267596529906,-11.945171758428554
3.4659883350805267,6.069663892761648,-3.119404303961751,-7.852330911735088
0.41041246020882216,9.526274906412368,14.751105419632157,2.1374400494359875
1.100611474104868,4.228527621930882,-6.921838972900385,19.090973622217323
0.4040065741065373,-6.536399675675677,4.572313812817324,9.211540600865861
-3.1735254215972146,-1.92485186229022,-5.782328029350339,4.639020671679264
3.9746033473313744,-7.016219650437845,3.3123674060356336,11.116686038846948
-4.338587276894444,-4.5141009199754265,2.5662973239913285,-4.712582633846429
2.531811364779369,7.6969725623584715,-10.590549701187125,-3.282084103228023
0.01676475577240133,2.982528018735481,8.406966259533421,1.2906492843633757
1.1088422510217395,2.381647821415271,-4.381353185255801,6.1363696904620255
-1.4932742500833038,0.5453442353792557,3.360863544388618,6.16715010605553
-0.7978816666321062,-3.4866592384588504,9.626525627112965,-8.5398063153446
4.804104382838475,5.074283196869448,14.521019389995185,-17.117219255265255
-1.3961478103816116,-5.587297347902231,8.802560249281603,0.431917290597152
0.16989431437737945,-2.901245114714035,-12.393585839037367,-4.690612993878297
3.7235018435864635,-0.3281739224048188,9.318693809322252,-3.563373350220669
1.9988840925706493,-3.8073704175877623,-18.571687631673647,-16.964074929977194
2.939071035490358,-2.796001657164142,-3.8609898730823,-0.12455989504956833
-0.19761354189406255,12.050109952497458,0.8023192527134917,-9.713763935436905
0.9086466830866016,-1.5319873040830299,-5.184409085142095,-10.096573662441147
-2.456018186956727,-4.836387453806113,-0.6338271067141896,-15.196536830253876
0.9570818746876899,-6.018914786780549,0.43819511988242255,-5.390165693647038
3.381453876111264,-5.956830604749413,3.791901181393037,1.7908718067944775
5.263257414363478,7.862241410388435,7.463380200307379,-13.413512009321874
-2.5817391529154117,13.427740438166142,9.084853603193746,-11.752345466984337
-2.63931095551773,-3.8110017716943734,-15.284179852817736,-1.8914596995504667
0.14065788058559825,-9.27557575529663,5.634441609184048,-1.9446262751947465
-3.39953901853223,-12.185848322602896,2.042174784805944,-2.2052680686393593
3.0144049385643816,11.28164946454202,10.348025209562524,-3.6410109685339016
-3.5780723932995313,8.33686134714789,-6.507307685793698,-5.169776239249515
-2.6035320807061675,1.5137872530395065,12.220189547618574,-7.134790111410661
2.0013424683856584,2.722199282030049,5.381686267730492,-7.130726267670404
-0.9753062239339867,0.08325099436859418,2.8079459420684607,-13.587987891662742
-1.232778002587648,7.9598970535052,15.607929865902026,1.562555497347205
0.5369744222390107,-9.281252061980123,3.1707943162364103,-14.376326145921698
5.311969765180039,6.142259417898551,-2.1487012982429903,-8.119830124228567
-1.0147985467040517,-9.140770156238341,5.142637703242478,5.291240406138979
-1.5958412057044118,-2.6797222584708944,3.720114562731286,-1.1906625207469155
-0.2566073770741948,5.944890939510344,0.6927868624676456,13.307668352833723
-1.5734033276195554,12.57990902792765,13.24582882733053,0.5233120783054126
-2.302979628792492,-4.7388026077962255,15.980549548330734,7.164104172354879
-1.890999821872926,-3.757982047455446,-2.000316256564709,-14.677446051753693
-3.5180845204431974,11.020890563484535,1.747078499553215,-6.758139876733022
-0.8767782420653729,1.76954756632216,5.365998381175512,1.3088754011035881
-2.6452920706350764,2.920484485013267,-3.0715528878952227,4.3333948001325595
-0.2913578463124651,3.6161374823643424,-8.896790371042949,-10.121459728711844
3.43572512478215,7.155565476218117,7.294584525025403,-10.908447540940891
2.073055682398161,0.5492604160200205,-13.234245168660946,6.431905566088034
-5.207917554976646,8.681051012347158,-11.501264539188158,-13.427434645914797
2.287570425827357,-11.787898296810738,1.4934879802088439,-5.4455492912933074
-1.6924350368847687,2.8335844769238747,-3.2554051385134954,-8.873586021387696
0.3469684918215856,-8.805392794789018,0.8657441999989608,-13.706577408530304
4.03664221720035,1.7649752614905019,-6.9496842177379055,-7.581729288977135
3.7152322567402685,-0.3373277346811836,12.995560580673436,0.27586633655580073
0.36304476319238166,-2.407641987594884,1.8100239360287702,8.263456151696978
0.8560493653148704,2.4587263160144577,10.167705318597108,4.046816972636352
1.1500007209451386,4.992890140434513,-7.259545760124915,-1.187615581000891
5.038211407263466,-3.897094609101334,10.716667472576237,8.721246324190915
1.4991326068928723,8.640787116281661,-0.4466487547158273,-3.9724891791179253
-0.323810067631193,-12.152431673550034,8.557836509420664,9.172499815173333
1.53323206921862,-0.06899308454289965,10.859579544286037,0.77889776171547
0.033054113750581315,7.6083559217582755,13.097950570205928,-0.05579445871827815
1.099018419298023,5.299124350571123,1.310099371143771,-0.94743837395783
2.5864220859635765,9.38762401793413,-6.450376636533173,8.129447273624542
-1.1959388406680063,4.976987800490498,-8.481783619521767,14.339366120207739
-2.8764530311442424,1.948739640227167,4.123755753412597,4.6920681697688025
-4.205958937283417,-0.7395344489207822,2.3969671756716764,7.01861052403479
0.30599755739565637,-11.988102321832834,-6.114393644715978,-4.3111934856823915
-2.499695377402298,1.2515076828829894,2.451755081332273,-16.639532358180837
-3.6963089999961367,8.969487265544945,1.2911772053261217,4.17231031724125
-2.4909718419971227,-4.45170926111,-6.402389499434815,16.802483489764132
-1.3717212141924957,6.522776829237236,0.6876528993874267,-12.490010653462853
-2.769368798358035,-7.935778390848574,-6.340682531712165,-0.5170862733979149
-1.7904723959410527,3.819139252611281,-17.359899032323575,6.9395248548998865
0.7626291529288034,2.292016831870873,6.246867581867166,0.6794620143922607
4.043405701461291,2.4260291179634983,-4.9674056648251295,-15.93869384048153
1.7259875063766277,8.058849343713193,-7.714504689042293,14.048067584186938
0.4560943270462632,8.297352267854954,-1.3020922879105328,-5.936738816877821
-0.32551460110928243,-1.1935223124153378,13.150385191673747,-8.435461116657741
3.559977440032859,5.182673939207886,-4.014851438605579,-1.0140967093918682
3.1799882804471227,2.9861551468862597,-8.76777286765602,-6.23190931808683
-0.8384791952021349,1.9369229206452676,-4.9805525800449,-13.02127319781543
-2.302257904999968,12.783712971275481,-14.131237468090061,-2.191710512570637
-0.01132653358666147,5.10940284995783,-9.229141541819537,16.261624738979112
0.8374572346103566,-6.602425551228359,-3.6288359872873244,-1.6431545174545334
-3.4806068052367793,8.63020655230012,-6.135424200396118,-0.7408919693364417
-2.9824168253118724,-7.42491457249692,1.0358510736221795,-1.7402742337067352
-0.07014895870977433,-2.2834502893170026,4.451523027184415,4.282492683191773
-1.3656640574023209,-9.03777726508412,-0.8624250603779586,-8.819581585540362
4.704039905225354,-4.898958020000601,-8.566333258340432,6.646154277758585
2.7295522373040537,-8.309477621470437,1.1531250386276497,2.128964342622492
1.586789566738255,-2.1618308326848226,9.060348403003804,-11.323807262829044
-1.6909954384834132,0.4346073982735916,-0.5924228493757866,-5.439863831594771
-4.017989956233608,-1.643612107527396,7.698697863414555,2.6680260869807313
3.0890571791489685,7.580482775111572,2.0306777175932247,-7.533869704243287
-1.1460423902459667,6.319954509620299,-4.371157483104353,-6.424973691504967
-1.420649092274246,3.773961058278765,12.58108841452118,-5.585952881256116
-1.5687828296141983,9.435359589141658,-5.3239806818438105,5.799672208858668
1.0707588897938418,-4.99981079206386,8.150615018555097,3.1906811590022173
4.004231703730277,-10.184668849991404,5.7347519116031105,-5.491768285593627
-0.1115999521252764,-8.325488751116165,-9.389976334149907,-1.2480168156982323
1.5066582409383944,2.351532517567243,-11.994967074878797,-10.02840647614391
-0.07072120611718269,-1.8039926425983541,-11.496380086354808,14.007487237586552
-0.7199151729724367,2.7277977659847625,11.306088364007584,1.179791831929112
0.1297662457132125,0.02749807070138033,4.013158260475398,-10.53181376074555
-1.4671895659879723,10.945012268557342,-8.344202699949735,-6.680565158935501
-1.8729275961470826,2.1819955159994606,-3.585203298564,-2.896119565539731
-1.3619259869540254,9.116756398951987,3.664152842030795,-3.7004724559554667
-2.5532417889675836,4.734618081071863,0.7142037813710935,-5.89590178440249
2.707488310761308,-5.785869821524372,-2.842809813710879,12.229011896236205
0.6809158366121455,8.174673053434256,7.8212798297883985,1.2209013107796238
-0.4414074057471833,-5.080877578584765,15.890825042013013,-1.7779541526632698
3.264440530759593,3.816287161399032,6.129165006448655,-11.649538735908346
0.1411652000515513,4.090992847926522,16.217319988339636,2.8353287201016215
4.6681271316782675,5.681477680397236,-9.452263224114025,4.012692403647698
0.4902745523509715,2.114108850360937,-7.301630140384219,0.24547768211576937
0.5753496457376555,-6.3293683186087755,8.524121448493743,1.687063347083523
-3.3420314987021005,1.3676409241989305,-0.43210913769342696,-1.54831645413595
-1.3334837567629005,8.103003470411108,-15.25319636638435,8.971732505485186
-2.327949192909365,-8.415397748909296,3.021563773011483,-3.1450407814596275
-1.9071090155867703,-9.49040233376396,8.695005523856716,-11.99272480024796
3.6413121822419456,-7.794830297815771,3.4702464714275933,-5.026341595949386
1.9924216173362623,-4.9861796137144765,-16.761584162868278,-3.9742925111072616
1.1902022909483936,3.706821539421231,-13.004671532342526,-7.186246758199939
-0.036895395554887855,4.750628924077132,14.085851245445616,-12.029264008967056
0.4446879952792804,6.842321106409383,0.8776356014359479,2.197259328884055
-2.145130216388244,7.945786680418736,-13.88358312501261,4.672929646304249
1.7366828606398972,-0.07526842209742668,0.7484985651366856,-12.412098586425065
0.7904838028121848,11.426976914752085,-2.0895328797234107,-4.953716547303408
2.9253477540146493,-11.160632786205664,-1.5450829840806648,0.10341868330898052
-1.443649021231975,5.449902379975178,-10.450912450011371,14.6257076556392
-0.7202652293441911,7.038962952646784,-6.659077132956465,-6.933644551549055
-0.5873293734887177,1.202238488558507,3.1431663265378127,-0.4561792172311172
1.6319347122229964,9.321395925705508,-1.5807175773083095,11.30250569398689
-0.22082924505475088,3.1435409781823953,7.23234110696735,-4.133138049108327
-0.22402950181942938,-11.249133593430113,3.652455545445484,17.53338926846839
0.02935582348462873,-7.287811084166247,-1.7911751597097556,14.110914667318593
-1.8293333274450063,12.706058008961731,-2.552365520106086,1.8473020720633073
-3.700570665852308,0.9417413407915429,5.36369316954625,-10.11785510556544
-2.5800281741239486,2.595794744990073,-6.230947909215823,-9.34995079474189
1.9587235364977733,-1.6485396276370032,-3.397450376973996,-5.133950888740381
0.7825642139436795,-9.057951969868764,3.5345116433733956,-8.925446017195227
-2.661781642730011,11.253107710327107,9.54879417586588,7.733465904073462
-0.704322569755945,1.27524236515419,7.362083159077116,2.0698127441201883
-2.340425127964087,-7.429519512014464,-1.5883906705571427,6.953975639426526
1.2832951424626167,-4.182021613816492,9.188406510685736,-5.160841774188011
-0.4086197342293332,-2.2098512947699493,-9.592893962564395,3.7753800628714913
-1.0557681001563832,5.95006643640399,-7.430152305430202,-1.3446917176787991
1.2754589218753978,-12.395735807449793,-6.803472607469089,-0.7306855748235606
-3.1802062790081553,2.678659110675028,-0.7253009438838056,-3.186080896042977
-0.47008997111599005,-1.952773768802217,-2.8847510307849262,12.31204231255178
0.1645418315718885,7.6916346832461535,-3.305319852936883,11.74051319356297
-4.459899218543466,-4.796756245726156,-6.356236772021763,1.435500250120235
2.320120327367582,-2.94681038330552,8.254335308576026,2.490821090436736
-1.461169166415698,1.9826683791669666,15.114750153540783,1.316522014211067
-0.554403046397784,10.548452769887668,5.160370431837533,1.371709913618897
-3.867193500486257,0.7699324443904274,-11.160342386922402,-11.260854220303454
-0.8188065049543116,-6.69025496995012,-7.964545362410414,-10.946500072475377
-3.3737934909893745,-8.979696703002435,5.864030785377096,-9.167684026447546
-2.615547566096935,5.966810074535106,-9.526774780054977,14.638331836832116
3.8247821714047885,-5.4300514990589726,-0.30040352730409836,3.986999890072603
0.27251381654350926,-0.22650548460522124,8.282942527827169,7.1357795305154745
-4.111328123312489,4.696601287703871,-16.26416913790663,9.366928407198268
-0.32183237650760965,-7.22905399039215,1.910669376437042,3.1414576430650847
-0.9686899367275492,5.747638177931266,-0.5350382735208647,7.054962089759794
4.43459791176718,-11.679394550073045,-1.7117755295498434,-9.51499623432089
3.426616735759889,-2.5417110029295795,12.967391925350837,3.829643656488809
-0.3258381760373359,10.563889735987935,3.196180913000358,2.8236008774490493
-1.6203539881252969,-9.411223200595526,-8.659688585431551,6.857271946297345
0.45667220234294437,-0.17602362879324218,16.062291977499555,0.5385635838751632
-0.08408082360302505,3.317389954501902,9.999551766689148,-2.5795218159855047
-2.832816685681599,-5.061576926854679,10.263228652732195,12.190095573111183
-1.9412144762780112,-9.508328057925302,6.116570613790763,3.3748550049397608
1.4136328214853942,6.024109914936499,-13.513616265535385,-2.3054797142689623
1.8905432145856187,-6.452198370526643,-2.8106139193981576,-14.004284187173827
1.346174340378134,2.7400013273860377,-6.4944064695199994,-5.569688279395189
2.0361597855517135,-3.5891295613595062,-0.7652402009929951,17.458869550450736
-1.386312606089536,2.6675419662495017,7.450323998510717,8.51842552024506
-0.8294877252108783,-1.0523459013851593,-1.055591869751396,3.5682542656874965
1.7073551584189186,-1.855077241200453,3.650493922168277,12.069937178470106
1.6920565640919172,8.44410072212165,-1.9023937824117603,-8.578727240182971
-0.9811344397329638,-3.376199946844931,-9.356775010946873,-5.809012350846611
-4.1223194793987705,-5.523696892955218,8.225025844998568,-13.026699092376393
0.8172294615512756,7.4699835067304985,-15.788224321974068,-11.156777317606378
-3.0144976462090813,-3.8011451895202715,12.358751608431282,-3.0303422010544914
3.064554667087473,-0.13784646625114938,-9.700966734843544,-10.245853324413538
0.36932442906768426,4.192363731887982,-7.86195049076775,-7.5407679377019114
-3.3371964562223524,2.9682123949821992,12.791021977702956,11.871355241224286
0.3799674265777764,1.448718843269365,-17.314684357148288,-3.678973234988028
4.134651802991179,5.213301405584904,-15.76120090934537,1.4498401786267188
-2.1150918540284156,-2.115341253053712,-1.5136664923574514,-14.312866066424874
-0.5339485521849472,-8.404227821719966,6.874890233613144,3.213799492955417
2.6143367199227776,8.678323776800841,7.689463364011742,-9.72264349772517
4.132447822655017,-6.869188490267135,6.746270500553402,-7.62781723687989
3.221113214724439,-5.586751324569832,-14.159310141115022,-0.08063421620934719
-0.4787570663492611,12.340288749460878,-8.646637885678912,-6.697724180510505
-0.7043857993062499,3.862685332922066,-12.052244422078337,9.466264809648715
-3.713978090199481,-3.9202666643283504,-4.194824388316951,-8.218076763227078
-1.3850831852045555,-4.509654407549537,3.2462382076623726,-1.12900849324242
-4.239853749783558,-6.016132616437547,7.158569913765076,1.3780878813058486
3.8429795734706733,-6.075328068891892,6.187936299009467,8.816134151317828
-5.007542027857118,-3.0362893405599145,-9.71318678282455,8.999925370533868
2.162414759665854,-5.337794943925022,-12.56355989245548,-7.2800002316447365
-4.750414009036037,2.608760119467881,-2.513935526851135,-6.092473636026197
-2.545191922906108,-5.525950151261254,16.219626258617865,4.761441848850897
0.8402542087579432,2.1913523965977433,10.67716099516815,0.81080928057969
0.8942126192317117,7.225432040540866,-4.707630883068759,-7.616223341641348
1.5280133208262523,-6.124524074230276,8.700358439155975,5.0291796240177895
0.8940490916938959,-9.647062641621318,6.589454719349458,4.458895767398515
2.8957369034666653,-11.94995393129888,0.6019853238291226,-9.26148261880857
1.0238900600851473,3.112546617704524,-5.3664697946717315,-2.93080630651723
-2.8791905793350363,1.0449840897373601,18.23556312967295,13.700688780896613
-0.08453722971050226,-5.601054829762335,15.54379608277743,16.811496960342637
1.9112770510515382,10.381222923528412,-11.183057216714781,-8.435200378419744
0.07357105147977272,-11.921561490876218,1.5261731076324274,2.762684052237912
-3.3921085678217042,-5.85261158052074,7.564536526951404,-12.246405512254082
1.7767910646737821,-0.88250739938041,-9.205687141693367,0.7715826329098014
-1.105677760211007,-0.38487128288447714,-14.432071264026135,11.902835538584752
-3.9332360119200165,-3.8521174839449728,-7.664008764857293,-9.725872314645386
4.067607338866785,-6.31093096507418,-1.823548899738725,-8.658387948927647
4.571165699047732,1.399193199209936,-6.966614250751553,2.8242452291451343
-2.5554561679344676,3.4128571566300305,3.3043304716452724,6.334663605958648
-1.9605175447325962,4.480368750072461,10.583891639340331,-17.752582977986094
2.000840124365467,1.4822320355878258,3.978462539071657,-12.529317612251758
4.505536220526628,2.2268335314530763,-7.867230952398312,-3.3610947643846565
3.6960028696770584,-11.030536915895022,-17.622980851934678,-15.68194685600357
-4.819291968846784,-4.26726316232144,-8.515201031357648,-2.914773507863199
3.6919097790997473,-7.2969772006101525,0.21464706238904085,4.498191415306234
1.762638228281876,-3.5192028182793056,-0.6730877883368862,-10.14293437744762
1.6313797637858274,3.2709453645073356,-14.008557591007197,2.7316145411001855
-4.47257151761056,11.644610271698726,1.424752777803807,12.238390488875172
-0.14658973565073286,-0.8812337134328967,2.5803787266088456,-0.29784505508060377
-2.8076122840823405,-0.6832585545696581,2.194746104860968,8.165870817322379
-5.225404128215548,-12.978982176856018,-2.5557035893457183,4.363286444777575
-1.7067469448664339,-11.290711109180858,3.0304426549415417,9.218984828335326
3.9622168601961816,-5.924643417980201,2.2689546705266928,10.711579583028291
-1.4101653630822648,-5.097181035149076,4.8243651252115605,4.664682457070251
0.505321030037921,-0.46142426986592433,-1.1372438551817687,6.435863150383236
-5.095095880023397,-7.6707644332782525,-1.402953157105177,-5.19042528864906
0.7935342341323892,12.85471878977824,-0.7950788582712285,-1.172018367850633
2.04675948025677,-2.001631256717358,-1.0535143419965678,-10.759826701502218
-2.8992764556931463,-5.792091364925444,3.745856296796486,-5.5787900986988745
0.10573091884201702,-10.267742732265939,2.4363491995758295,-5.375213217401036
1.3462776001071362,-1.7764523164435282,11.824079852716057,1.8042456029246665
2.4705769292096544,-10.655809079191897,-1.8828332528210332,11.077015169097916
-0.428941689987151,-6.756694121646186,-0.4122045210916987,-1.620901588470808
0.8498297005387832,-11.93284304896488,12.278808926942961,-4.0460073279739905
-0.9756246088889782,0.29560400973564427,0.5322291071102541,-0.8788333161176531
1.0755023886901185,5.559764723487605,-9.705331910649814,14.2181382058553
3.76730946515316,-9.451649657886982,-7.822292728004168,8.045932822272395
0.6208702117345002,-8.63793925978839,-0.22633244984101708,9.871832293255602
1.3032590476764296,0.6992630241462585,7.80875904300791,13.201373778833076
0.6200109590736185,0.6792017510000008,-17.230563042939536,-5.429924667997863
0.5639401770394601,3.805976232246758,-9.598264390137931,0.5661864846752955
2.3121389159345824,-8.9903482503931,12.473900860153911,7.719223355007063
-3.6611916222012426,6.956220150345974,2.81401727255378,-2.1026187382513015
0.14675822085073253,-1.2179309063244226,-3.1395943231106855,-0.6881261582818645
-1.157377085584617,7.337648061304205,1.9635803380593906,7.869232729509207
-3.5629086600970155,-5.317238880435328,9.427369575460652,9.637307614150469
-2.4316626276307067,11.596169889313995,-10.746100395083003,0.9137255905591388
-4.287619241587889,-0.7364603622886978,0.5194181336015191,-9.268092939099049
2.041065003175369,-0.17221519827959852,15.634707777525463,-12.210819675472786
3.324340645320142,-0.493619517151485,1.7175139889064042,18.680536967712982
2.75506873517978,-0.14701321798339606,1.1530643176515802,-3.488305218103637
2.1659335870948437,-0.8146932887207008,2.269274741306365,-4.542235114601178
-3.168270772754635,-4.720080375235,-0.310857421171189,0.8262858182192936
-1.3866343201897529,7.782219580919263,2.7414365339867572,4.740458786623785
-4.134453504262017,-2.4085046319392998,-4.103379430579825,-0.3262704439757549
-1.2244304731784048,3.8081896543139298,-13.713527194423147,10.70184795672599
1.954973540267873,3.406395262103654,9.01191579009618,-2.172023229193954
-0.7301182634669683,-3.659088561414162,-1.0613014692159801,0.22500703615917672
-0.8020454945689073,-6.560178901448982,10.501740815122933,14.760076590715112
-2.4623057040008094,8.109372506814209,-7.893592504809492,-3.3647484916356873
2.963095029764305,-4.4665915480511735,2.3463109937890927,-0.6919166429353076
1.493470960961515,-0.6408116058332531,10.159359367603592,16.310557911149996
-0.03568012001787846,-6.344027611441007,4.393466109776462,7.019726611122913
-0.8641124504383466,11.433586602860876,-11.665282007712314,-13.574250648564163
0.8165795226383725,13.914268805750522,-2.0967827341482135,-8.25947239791267
0.3376384660995626,-8.466136903641791,-1.8667563196586414,-14.246848620713896
-2.7047722197599975,5.1058232252167475,4.690484627775977,4.645153027407359
1.7139740441150249,-9.614043153300756,6.358058629298304,3.382089735434704
-1.4984683229784528,-1.4132289956445572,2.9155775333523657,9.924694884088845
2.1108013228105813,2.9330896903287673,2.036762763440258,-3.808297416638542
0.4712870146485315,11.20971141470122,6.776430934032664,5.846997111398222
-0.953660142798233,5.357472554311935,7.720764984815977,-6.967033541102811
2.363890144473582,-10.393023108306172,13.536085909253238,-16.368971144520756
2.1673634846461303,-9.052858310143431,-1.6066213440405406,6.652167184436044
-1.255893264022542,-6.764682180521961,6.218830004036507,6.280732719948613
-1.2667566098702254,-1.002969928871078,-0.6770002204479226,3.728495311232873
-0.7439399457869227,-9.286838094627916,-6.6033125387026494,2.0028484213428683
2.2714734431803416,-4.735683494763801,16.95165292791568,-9.750627157086901
2.1638905190797293,-5.376541286964667,-7.821263697440436,-5.248903509043526
-3.421280262206622,-9.130509531429045,-2.455913409321024,2.0123160949061543
-1.7404940415783265,2.228315114479461,-7.948365137434287,16.786344300054363
-1.9610847410865926,5.807956165551641,-6.535207068185645,9.161838681728327
-0.33673904900893703,0.8524491614329381,4.34019501204282,4.188664022788629
-1.7422973952373209,-1.423024230847691,5.3811077862289665,-13.13103435823109
-3.0336090715842543,2.681558692991926,0.40247308852021035,6.098066230565172
3.175333603434105,3.6732689441061623,-17.022251348055253,-0.536522273629064
0.6691033789137988,6.271366608995576,6.270586917290865,-2.0447291302106123
-0.967788041379193,-10.093424033200098,-1.8295802784468869,5.925323612062163
-2.984569728090081,1.7559106385782854,-0.06371152703065519,-2.136368065509533
-0.5977487271474811,-0.2419270092167114,-4.081547654204588,9.162981543350341
-3.3034855220026413,-5.8590023816225525,9.022496210435861,-5.00577751065865
-1.2454730335336173,5.772110733841302,-10.831936394051425,7.000755581813136
0.1313191071863642,1.920544927930159,-13.095878287775715,-11.679203737299497
0.6123012262938072,-3.2809076497732192,9.141809530533827,-5.63763160539591
-2.964775062651068,-9.72060739929401,-1.1902288875207319,1.3210031577670591
-0.5684547230908255,4.04253443360567,0.7633224362828663,6.837200194543968
-1.6251179341704107,-0.2803441343793871,6.568057222051911,8.464395436417995
-0.06461135282917052,8.148455397755866,-6.830158806789283,11.559043632494946
0.7212944219447053,7.8186464215386104,2.972859533976248,-8.926288719858931
2.194982230939713,7.2649344185860745,6.51232311951701,1.2983917768036939
-0.42475662589521246,1.3957237062934826,-0.7201416384853907,-14.272880280008028
4.929065981937411,4.346314962175461,-0.3731780493384278,14.60539837376303
0.4687744982171047,-9.854797324313601,15.732776163406722,0.711460208673703
1.138183016472592,-2.7805899927897695,-10.558768859034641,-7.553797545842862
2.9415200108906956,-9.435115662973319,-8.77431781460972,10.427919539372652
-4.055507687380036,0.6926892636765807,3.2275676775246858,12.699272222733452
3.1632454791025393,-1.2614574430737555,-6.631058990338056,12.29496664118828
0.8749075278672551,1.953293300217192,1.9841348969770856,10.61367896509726
-3.5204844382098477,8.50840040259326,6.7219253140691535,1.0020608783722764
-2.356350628339616,9.259508750677767,15.43597087482049,-0.7427093664122886
0.5328583282170545,6.55271102721942,-9.62841843064294,-8.181050244644215
0.3478323316256393,12.853640772182247,-0.2730548480110002,-5.409739444828697
-3.5758158611693096,-2.244570496297195,-10.560907218815018,-1.272945029792801
1.339559270647305,-1.5428515224816959,-6.930307850847402,-10.036581342344007
1.1281487235051184,4.567989190253503,2.897506293497063,-10.8102364436299
-1.3483084866706267,-10.813760236711744,0.612514828162869,-16.844502323261448
-0.02283342834612423,3.616337791348691,12.834746995869565,11.582586482050957
1.6175440012816598,1.0017051688017542,-7.245876611581451,1.6638442010847463
-1.777340533412798,-1.7175155671772,-2.176701807506838,13.493426149483348
-3.814861622641756,-0.4974590415845821,0.15425440636407473,12.864042623491613
-0.5908640875529851,-6.808189655745972,-10.847310264301244,1.5441750978419364
-0.2112659558085328,-2.2395963652050312,-1.031906403480125,-16.681416948690035
-3.8762056516700136,1.618919719910254,2.8142008006198367,5.571165000579674
0.8501914903471288,0.729377783373387,3.1625625142308103,6.196201046555959
-3.9761276926256377,-6.390762612363435,8.2264597725509,-2.896658267665945
-3.2292360846401555,4.671298457194226,-1.9348808516909415,-8.156605544711715
-1.1497537119826937,9.378257413890337,-9.496732492773363,9.656151016503836
2.9880423172885413,-4.746969884238796,-0.8014787871384463,7.2887574295774336
2.011687718779555,4.466266686082646,2.1477007572458326,5.036187281788568
4.192542982390499,2.8732921586267572,-5.750486231262107,-6.982405935263243
-0.5246011768897825,9.556826541102772,11.591398953291446,2.389598448441369
4.80731805780439,0.7562224501707995,2.0593836140659896,-6.77596719539326
-3.205898114281279,-2.0073919616813285,7.078758656439778,-3.4938963968355665
4.317567755910867,-2.2331512958029354,-4.095859789480759,1.8591615370979255
1.9503452868767148,5.7049157530103525,-0.8307892438955768,7.397744441774076
-0.2956283684674297,4.562802508016015,1.9147157396074768,2.2478696637442823
2.1075681237348456,-4.580528209640617,7.040281197998844,-8.443425243297408
-1.1005442422468246,-4.1927406134751255,7.627770110298275,-8.794398949025744
1.0655470481656115,9.555380303189175,-6.442393864703618,-4.6647808223866605
-0.817824248627173,-3.361067445754175,-0.2268641915317815,-5.918963644920492
-0.044400925697408056,-8.088450658474287,1.1819949081737633,-2.0634260697390197
4.055703955061462,3.402367924585736,0.15857883896537928,13.637114205342549
2.1505258634571702,-0.7561643480834128,-15.798650661828924,-1.876911361112196
-5.106268211202981,9.702984160804402,-17.047144917105083,-6.977161742417518
4.356716732935511,8.121890548676198,1.5818425612529232,-14.046111643943107
2.3674128587850225,-13.192802830064768,6.046059063827052,8.154407847890546
-0.9628709510390125,-5.717895004440287,2.4773983848429317,-8.513218533332571
-1.8147210305955,-13.560772061279252,-4.890910283597854,3.3393974964907045
1.5975383544721025,-11.540316784213463,-11.083350221350388,-10.029633548641156
-5.074564975646764,4.4236687640047325,-12.131465708850703,3.802212471338734
0.5949093702255839,11.486817164468189,-7.040748235427179,-3.941874836530719
0.010494261148432216,-1.3417540794838736,-3.754948733690952,-2.0894876641082902
4.519991701607768,-7.1763218403211395,8.12608587135755,0.9389281543743948
1.9195997578585784,-8.645444536532239,10.470761657688266,14.021563839943031
0.4893686801403243,-8.636301402179125,1.2252900812525667,-4.9663743869576304
0.8184098113110743,-3.8898214905141852,-10.92804425070513,-2.15999774516877
2.9021490350799346,-7.394829387560558,-7.199685614613259,6.237933424570707
1.9832267209260364,-2.511071412652365,-3.19895028364326,-16.378347751612843
3.7352208883745592,-10.86918242409443,2.9288163863583208,1.5471576917352685
-3.1121399274819854,-6.921384409444446,-11.465747121332356,-4.344599839303029
-0.4430468774224474,3.7872441168965008,12.150494139633045,3.566997381721116
-2.7516810916617,-7.128211909002173,-2.109645908444204,-1.554510292276884
-1.7851492728477485,7.4102554126054425,-12.81819644127449,-0.5410901091318117
1.0500312360986364,-0.4793725171529264,-0.32551513041558877,4.839867104991761
0.1367588354846303,6.0832586622221125,17.615949601560207,-0.3232538251155219
0.535052850799735,3.5434403851853453,-1.3467429725367666,-4.392828851191231
-1.1948712695291102,1.2827965669740156,12.017446324244014,-2.0377381353905335
-4.848620559876872,-1.8619084118496794,9.833227747382749,-7.911147295795066
-5.297994990735304,-12.144850784914833,-1.1573062605495785,7.662107688755086
-0.42080526178892885,2.4983002254678937,-10.488223718021029,5.722514022131575
0.1513659919119128,12.037456426573097,1.7145905626491533,1.8158724681088927
2.2071683334813397,1.1586894558970968,1.651191805825686,-0.08298815571027163
1.6373082749142274,1.477179212865959,-7.5997745764193,-0.10553957497351618
-0.5758000208541789,3.51329839430859,12.192322417575165,-8.47590520446477
0.6489080398817864,3.3249205435723415,1.092837192181463,-5.968641937475903
0.5914343082767548,-1.3106764283678753,-1.4004527081126419,-14.779669430885232
1.1319464400937882,-3.4731150492698095,5.206542716544497,0.15604167053928109
-2.1888917690247576,-1.2582802252334258,-0.7053354186473761,3.8774897495127476
2.7584805681336246,-7.8782572707435445,-9.498529907210308,2.6968930232807224
-0.29765559705923206,-8.874850709369472,13.751380174205725,-12.60911887606823
-0.3775523948281627,1.9827893708384163,-3.80611774051426,6.772102379249551
-4.483587274866297,-10.394682690212937,0.8610554416345977,-7.48240256132636
-1.7062536594923001,-3.100658122710902,4.740383392391694,-8.54938961528788
2.32255067961518,1.3904370359297378,-2.084015128494091,-9.923068508677662
2.7724569722660677,11.250130172288433,-4.705875138809898,-4.658187704257905
1.7251889703914003,-3.814448165012301,0.9545936035691156,1.5276258702471708
2.7873725604415367,-0.7559945420932443,17.534552051272986,-10.232258078366632
-0.4628638974599859,2.498290931654193,2.3366386376551134,13.881691521518237
1.550760987641759,1.5934652342355946,-2.5868835352825776,-13.031313715286911
1.432688849040769,4.0516495654716564,5.27106160691835,-2.870934380613594
0.9591133353101844,-1.9459260614915603,-6.875928983918165,2.268266583433796
-0.43479569670135554,5.674933428911727,8.569042475703835,-6.029497022382454
-1.567774991693252,-3.9877972024311283,-11.316824577945642,-9.421647122955875
1.227802528949729,5.5886481248674045,-17.743779658403415,6.378642514354409
-1.0061799486199545,-11.702205963397137,11.253990136575315,12.797731111278317
-4.172089471635228,5.37279823339405,-1.932584385298771,8.041762342250987
2.1260816120705472,-2.1237660852231635,-17.942368625276153,-2.1329909533189735
-1.6861529233474988,2.599735857362912,-8.467810721234532,7.841356731645181
-3.510554746671853,2.6979695333851126,-4.120193450777567,0.4030445506254168
-3.6169658530068505,-7.499315556815791,-5.1885475615525944,3.627880637796011
-0.35953042263882473,3.1197532617251493,-8.216188054760549,-3.826817981543293
-3.573859033450813,0.5656206236891403,5.565105638302283,2.9910925169925413
0.8743168977052704,-0.306843062828964,2.4823317833764342,3.573033256462942
-2.2668351571105827,-1.1721261823687783,5.9197001354322545,11.165130528238747
-0.797863270060251,-0.07194444041384784,16.421349751540177,-6.395841065836459
-1.3177235262686544,10.26677059276943,-3.418851618994296,0.45399823673412953
0.9593604915713918,6.588629696804153,8.987173149600194,2.9846872787439267
0.32281578515048626,7.04139974803679,-6.178314662346585,-0.08297383161713867
5.05627438318916,0.1647181088810168,-6.430288962341795,-12.424223968641183
4.010107607903195,5.8920411424142625,-10.86018983849546,4.914926868246512
0.6789842518359661,4.156628507299176,5.831054238636156,-9.467334473302913
-0.986277881132315,0.6483984917711751,-11.16263481398035,18.326275790336595
1.3048811783568564,-6.384792364213471,9.7906832377993,1.204697169432162
3.841701456863807,3.305066579616101,0.20190544982022374,0.13582567440829507
0.14975802706361652,-8.83901590247903,15.093916453115408,-9.715043416966619
2.7879468352019217,7.527323282724801,-8.081974013558202,14.296458942133984
1.8221495020470435,-9.798740165738115,-17.048288984378722,-2.3797217643415287
-0.3597187451491868,9.745844402178728,-1.1097879648779987,-2.8595254303075137
1.2607055395698632,13.624457243746585,5.504953660969246,-5.440711764377813
-1.7757658850981297,3.5915805617269054,-1.0193757513621122,0.16928055298210865
-4.336223740993811,-13.207071150892114,7.913030306950599,1.5807591136222392
2.598398152532539,5.338939160274608,12.874795126643338,4.25574298719145
1.418327600216812,-0.06944739109936826,4.038510902895256,19.69872395575252
0.31442436334467416,-7.099527051309192,9.869554367713882,12.840129239985963
-0.283339220595062,-1.3857581563151413,-3.852372769653023,-1.0981863331815376
-1.5050107336386933,4.653775457237618,10.36697536840274,-4.95858513634969
4.924685690545761,13.40912330288927,6.335314390493529,4.76326055273665
-0.49282488214746856,-6.766652351292677,9.054363077128047,-1.0763619087880585
-0.6354376125907057,-6.037610524502551,9.288031627810849,6.585286721460905
-3.0934565183951888,5.255459423768624,-3.3670251237936633,-4.6998127087110255
-0.7447423630042582,11.948065088014774,-8.448603607241678,3.0907908565598525
-3.7815289646363253,9.984979010788601,-13.941250120139975,2.3056643395580743
3.2272059736076786,-5.550348112835142,16.508263393520867,6.652981194618679
2.009446795958015,3.1339365176766023,0.129989059153111,-3.796954293174153
0.05614700754606883,-10.8113201231604,-3.6641489906714,-4.269535630847681
1.9116210591813552,-9.736427539578035,-14.574192352885017,10.270321079377405
0.5304835999613147,3.4332655859264225,9.102801289369625,-7.139086531328074
-1.987327487682963,7.270188188072689,-0.2621192386981406,3.460469552558493
-4.104368751401418,3.19561926903547,4.309552553368313,4.911011698855766
2.7444499649393608,-0.08582980308129251,-10.643786915676106,-17.51237529855515
3.125250491920178,-0.4347772838597521,-12.028308884844904,13.547727445706547
1.8430736116641562,-8.801324797861401,-2.881420424788697,15.59336734300063
-1.422769430978244,2.8339311405334797,2.799396666765336,0.2791299736849915
1.7919975580402916,-11.463325546088772,-1.111188863698768,-7.2831899355411025
2.3586201482530993,0.7757406479412783,-1.5405086044811611,9.369800595128122
0.9934215728248743,0.10756723513685351,11.68005337648674,11.748804503677793
-3.570978977426441,-3.407796180193401,-10.807962272718457,-13.808100883028247
4.560133818400379,9.607627043748966,1.225421595979185,3.123014225810124
0.09844582499196797,-11.394432445560614,2.014711023818773,10.205971656737972
-3.8229431423785787,5.422267232319362,14.425235598928037,10.425814041084942
-1.6831915709729923,-9.5701958089509,0.1554286607709514,3.4395848414821515
4.756751494607959,3.2860861579833163,-1.4895103110649828,7.362169283728255
-0.4897187168934236,2.9692314915933036,-13.822364879442251,3.926130194008266
3.8527891242845143,5.268660197752428,1.2433223227725456,0.29432912057843197
3.91338028589735,6.384383057918869,5.744586379916166,-1.3143160483001708
0.25916130942457993,-10.906632774518673,-11.561723625370657,-1.94660017231638
-0.35322615413353553,-6.146484283630514,-4.41497511031724,-11.812396704281067
-0.3703628895939364,9.17112606015857,2.554569518715283,10.953678836836632
3.726297729707558,4.197760081673888,3.8676109352684804,0.9002710157216605
-3.8078039931094443,10.770452465702045,-7.42736597026537,-0.5586099357261922
-3.7154725324759807,1.6033909864386224,4.112486296834055,-8.4524535843697
2.8362821457006326,-9.433363380645808,-1.2694043412080802,11.235159933469497
-3.402153289402236,14.114294110412922,-1.5511642898193436,15.586189950199156
-4.080646486093306,0.7208608684759774,-10.744683767083616,-14.379221296630043
4.434537786869603,-5.05459321669262,17.684902399329484,-6.565217904133576
-5.698962360657793,13.455038443997065,-2.0751043476221867,7.536469651555375
-1.7281738770130834,0.07730278951470204,-9.525049709038708,-9.691207919797943
2.264425477386677,-2.4901334184060158,-1.9359595810939965,14.433266891515173
3.6822056002196155,-3.742865908041667,-8.090489681520443,-14.288340885380691
1.8164135879000547,9.07413216955229,-8.402293258547267,-5.632816639506489
3.288214948083996,-6.888037187281485,1.2133320048176586,-2.594896189652548
-2.665472263690554,-6.961455039327825,-3.4267467895423707,-4.201167130647365
-5.07376910814551,-1.1886913688591587,3.0488855409959434,1.8839078083881091
1.5521391625121757,-9.875783308531389,-3.602597724782573,12.495081769991835
0.30199870065199974,4.006473165428705,-5.591470235262932,-5.1056118754194575
0.659972831816618,-6.605612708183747,0.08443758738311757,-0.9703442031886453
2.9876998469915117,1.5977904273569763,-0.23793264034886974,5.956665062513306
3.6214378553968287,9.649550022074962,1.0859266014712325,-8.038205177841949
2.650922589726834,-1.0189016909104307,-5.552799835791104,-5.113131594342359
2.982906372970943,9.143649524401562,-1.418903286560088,-1.2847346088800222
0.7942882770222832,3.3869017952514984,-14.660231937005303,14.985363435585036
3.657837879618847,-2.8853425426729444,-12.777043993702133,7.291912573428585
1.2716634349528846,-7.5536397435227745,7.430858826575806,-0.9815807178127436
0.43356043275733125,-4.848752319368415,4.200837286519354,2.4146428618961906
2.1704516300303203,1.2453222648011693,-1.9633841214335028,5.944181712548563
-0.3201958102743676,3.9091600061729874,4.802776399000802,8.563640429840557
-0.8312516207965661,-0.8567375355450473,2.71486730927527,-9.24737239662301
-0.36352075451634036,-9.756658843724534,-2.42525082592962,0.17496507956319007
3.690356118667578,-1.5596532896879012,-3.950570695443332,3.1930883431641135
5.833956937169185,8.454504438033364,10.345564669104569,-0.4036168361159653
1.259577813067457,4.01600808932313,-0.0881807683586544,12.68640064680162
1.3982375694879128,0.7028381231432181,3.6779333943299477,0.3824064890960983
2.0583441327147067,6.475065682630069,-8.843158251011324,3.453021163372192
-1.0186395218599529,13.175638424985895,-4.251027748103555,1.8327258543990936
-1.0740744343015969,1.7402172079383043,-10.639230106814875,-1.8709818085372163
1.9534099765261983,-13.113668155681525,-3.1598601825462467,8.392705336688383
3.821810769507686,-2.2868813819779437,0.36125432627555654,10.870069593871069
2.709592707350898,-3.190587112823499,6.240303141158005,13.584499419017622
2.1859411113871676,-7.173469306773642,1.4768746494890514,-4.70275896485923
-1.1326203718108356,1.487824677835217,0.4685646207538028,0.9485711404531152
-4.448693230549067,-0.09855559979612316,-10.419581717141767,-1.644698384264867
-3.8235858463126426,7.692446994018594,11.01139909993453,3.1895157679945143
-2.0151650740962275,-5.660429689106923,1.1451112472207683,-7.692193995735778
-3.5747920139043305,-3.331721138903644,-8.872470337064032,0.7239953207816647
